Series Name                             ,Series Code   ,Country Name                                        ,Country Code,exp
Exports of goods and services (% of GDP),NE.EXP.GNFS.ZS,Afghanistan                                         ,AFG         ,7.11956906405987
Exports of goods and services (% of GDP),NE.EXP.GNFS.ZS,Albania                                             ,ALB         ,27.2674002764765
Exports of goods and services (% of GDP),NE.EXP.GNFS.ZS,Algeria                                             ,DZA         ,23.1716000406876
Exports of goods and services (% of GDP),NE.EXP.GNFS.ZS,American Samoa                                      ,ASM         ,64.5990922844176
Exports of goods and services (% of GDP),NE.EXP.GNFS.ZS,Andorra                                             ,AND         ,..
Exports of goods and services (% of GDP),NE.EXP.GNFS.ZS,Angola                                              ,AGO         ,29.7545994933756
Exports of goods and services (% of GDP),NE.EXP.GNFS.ZS,Antigua and Barbuda                                 ,ATG         ,45.0510131418897
Exports of goods and services (% of GDP),NE.EXP.GNFS.ZS,Argentina                                           ,ARG         ,10.7056520504538
Exports of goods and services (% of GDP),NE.EXP.GNFS.ZS,Armenia                                             ,ARM         ,29.7279964768255
Exports of goods and services (% of GDP),NE.EXP.GNFS.ZS,Aruba                                               ,ABW         ,73.5170302334481
Exports of goods and services (% of GDP),NE.EXP.GNFS.ZS,Australia                                           ,AUS         ,19.984845509759
Exports of goods and services (% of GDP),NE.EXP.GNFS.ZS,Austria                                             ,AUT         ,53.0890605587958
Exports of goods and services (% of GDP),NE.EXP.GNFS.ZS,Azerbaijan                                          ,AZE         ,37.7947774917249
Exports of goods and services (% of GDP),NE.EXP.GNFS.ZS,"Bahamas, The"                                      ,BHS         ,35.1003633331348
Exports of goods and services (% of GDP),NE.EXP.GNFS.ZS,Bahrain                                             ,BHR         ,82.9063889562962
Exports of goods and services (% of GDP),NE.EXP.GNFS.ZS,Bangladesh                                          ,BGD         ,17.3366737865485
Exports of goods and services (% of GDP),NE.EXP.GNFS.ZS,Barbados                                            ,BRB         ,41.443178154825
Exports of goods and services (% of GDP),NE.EXP.GNFS.ZS,Belarus                                             ,BLR         ,58.0107665670743
Exports of goods and services (% of GDP),NE.EXP.GNFS.ZS,Belgium                                             ,BEL         ,77.8052821516798
Exports of goods and services (% of GDP),NE.EXP.GNFS.ZS,Belize                                              ,BLZ         ,58.8154658313029
Exports of goods and services (% of GDP),NE.EXP.GNFS.ZS,Benin                                               ,BEN         ,24.7204512110389
Exports of goods and services (% of GDP),NE.EXP.GNFS.ZS,Bermuda                                             ,BMU         ,..
Exports of goods and services (% of GDP),NE.EXP.GNFS.ZS,Bhutan                                              ,BTN         ,34.4356493984662
Exports of goods and services (% of GDP),NE.EXP.GNFS.ZS,Bolivia                                             ,BOL         ,30.8682958840268
Exports of goods and services (% of GDP),NE.EXP.GNFS.ZS,Bosnia and Herzegovina                              ,BIH         ,34.8710711054333
Exports of goods and services (% of GDP),NE.EXP.GNFS.ZS,Botswana                                            ,BWA         ,49.8155289755406
Exports of goods and services (% of GDP),NE.EXP.GNFS.ZS,Brazil                                              ,BRA         ,12.9001914177405
Exports of goods and services (% of GDP),NE.EXP.GNFS.ZS,British Virgin Islands                              ,VGB         ,..
Exports of goods and services (% of GDP),NE.EXP.GNFS.ZS,Brunei Darussalam                                   ,BRN         ,52.2105973675329
Exports of goods and services (% of GDP),NE.EXP.GNFS.ZS,Bulgaria                                            ,BGR         ,63.9907324535864
Exports of goods and services (% of GDP),NE.EXP.GNFS.ZS,Burkina Faso                                        ,BFA         ,26.1076455357024
Exports of goods and services (% of GDP),NE.EXP.GNFS.ZS,Burundi                                             ,BDI         ,5.73296859108573
Exports of goods and services (% of GDP),NE.EXP.GNFS.ZS,Cabo Verde                                          ,CPV         ,44.9074423095252
Exports of goods and services (% of GDP),NE.EXP.GNFS.ZS,Cambodia                                            ,KHM         ,61.7184237585908
Exports of goods and services (% of GDP),NE.EXP.GNFS.ZS,Cameroon                                            ,CMR         ,22.2596662186221
Exports of goods and services (% of GDP),NE.EXP.GNFS.ZS,Canada                                              ,CAN         ,31.8499609634443
Exports of goods and services (% of GDP),NE.EXP.GNFS.ZS,Cayman Islands                                      ,CYM         ,..
Exports of goods and services (% of GDP),NE.EXP.GNFS.ZS,Central African Republic                            ,CAF         ,17.0676606236635
Exports of goods and services (% of GDP),NE.EXP.GNFS.ZS,Chad                                                ,TCD         ,30.0017608897127
Exports of goods and services (% of GDP),NE.EXP.GNFS.ZS,Channel Islands                                     ,CHI         ,..
Exports of goods and services (% of GDP),NE.EXP.GNFS.ZS,Chile                                               ,CHL         ,29.3763486014303
Exports of goods and services (% of GDP),NE.EXP.GNFS.ZS,China                                               ,CHN         ,21.3540804423373
Exports of goods and services (% of GDP),NE.EXP.GNFS.ZS,Colombia                                            ,COL         ,15.6502115094968
Exports of goods and services (% of GDP),NE.EXP.GNFS.ZS,Comoros                                             ,COM         ,10.1361983069761
Exports of goods and services (% of GDP),NE.EXP.GNFS.ZS,"Congo, Dem. Rep."                                  ,COD         ,27.7255678009958
Exports of goods and services (% of GDP),NE.EXP.GNFS.ZS,"Congo, Rep."                                       ,COG         ,69.2755673871794
Exports of goods and services (% of GDP),NE.EXP.GNFS.ZS,Costa Rica                                          ,CRI         ,30.8249404773106
Exports of goods and services (% of GDP),NE.EXP.GNFS.ZS,Cote d'Ivoire                                       ,CIV         ,27.3556079398512
Exports of goods and services (% of GDP),NE.EXP.GNFS.ZS,Croatia                                             ,HRV         ,46.3797042061137
Exports of goods and services (% of GDP),NE.EXP.GNFS.ZS,Cuba                                                ,CUB         ,17.1473494542825
Exports of goods and services (% of GDP),NE.EXP.GNFS.ZS,Curacao                                             ,CUW         ,..
Exports of goods and services (% of GDP),NE.EXP.GNFS.ZS,Cyprus                                              ,CYP         ,70.3258965023065
Exports of goods and services (% of GDP),NE.EXP.GNFS.ZS,Czech Republic                                      ,CZE         ,81.0493010657814
Exports of goods and services (% of GDP),NE.EXP.GNFS.ZS,Denmark                                             ,DNK         ,55.4181749794426
Exports of goods and services (% of GDP),NE.EXP.GNFS.ZS,Djibouti                                            ,DJI         ,141.458459067973
Exports of goods and services (% of GDP),NE.EXP.GNFS.ZS,Dominica                                            ,DMA         ,47.6339906437715
Exports of goods and services (% of GDP),NE.EXP.GNFS.ZS,Dominican Republic                                  ,DOM         ,23.7615822994205
Exports of goods and services (% of GDP),NE.EXP.GNFS.ZS,Ecuador                                             ,ECU         ,21.2582213779601
Exports of goods and services (% of GDP),NE.EXP.GNFS.ZS,"Egypt, Arab Rep."                                  ,EGY         ,13.1838454928598
Exports of goods and services (% of GDP),NE.EXP.GNFS.ZS,El Salvador                                         ,SLV         ,29.4861730232304
Exports of goods and services (% of GDP),NE.EXP.GNFS.ZS,Equatorial Guinea                                   ,GNQ         ,56.6584738218082
Exports of goods and services (% of GDP),NE.EXP.GNFS.ZS,Eritrea                                             ,ERI         ,..
Exports of goods and services (% of GDP),NE.EXP.GNFS.ZS,Estonia                                             ,EST         ,76.8734131563936
Exports of goods and services (% of GDP),NE.EXP.GNFS.ZS,Eswatini                                            ,SWZ         ,42.9570384552711
Exports of goods and services (% of GDP),NE.EXP.GNFS.ZS,Ethiopia                                            ,ETH         ,9.36331359735926
Exports of goods and services (% of GDP),NE.EXP.GNFS.ZS,Faroe Islands                                       ,FRO         ,51.211522002184
Exports of goods and services (% of GDP),NE.EXP.GNFS.ZS,Fiji                                                ,FJI         ,..
Exports of goods and services (% of GDP),NE.EXP.GNFS.ZS,Finland                                             ,FIN         ,35.4069588665232
Exports of goods and services (% of GDP),NE.EXP.GNFS.ZS,France                                              ,FRA         ,30.5926223781313
Exports of goods and services (% of GDP),NE.EXP.GNFS.ZS,French Polynesia                                    ,PYF         ,..
Exports of goods and services (% of GDP),NE.EXP.GNFS.ZS,Gabon                                               ,GAB         ,46.0320085043704
Exports of goods and services (% of GDP),NE.EXP.GNFS.ZS,"Gambia, The"                                       ,GMB         ,16.2680561596378
Exports of goods and services (% of GDP),NE.EXP.GNFS.ZS,Georgia                                             ,GEO         ,40.8622366288493
Exports of goods and services (% of GDP),NE.EXP.GNFS.ZS,Germany                                             ,DEU         ,46.8485876563908
Exports of goods and services (% of GDP),NE.EXP.GNFS.ZS,Ghana                                               ,GHA         ,31.9587955752985
Exports of goods and services (% of GDP),NE.EXP.GNFS.ZS,Gibraltar                                           ,GIB         ,..
Exports of goods and services (% of GDP),NE.EXP.GNFS.ZS,Greece                                              ,GRC         ,31.5532707138237
Exports of goods and services (% of GDP),NE.EXP.GNFS.ZS,Greenland                                           ,GRL         ,37.5798451272169
Exports of goods and services (% of GDP),NE.EXP.GNFS.ZS,Grenada                                             ,GRD         ,51.2311206411896
Exports of goods and services (% of GDP),NE.EXP.GNFS.ZS,Guam                                                ,GUM         ,18.353765323993
Exports of goods and services (% of GDP),NE.EXP.GNFS.ZS,Guatemala                                           ,GTM         ,19.8299076925978
Exports of goods and services (% of GDP),NE.EXP.GNFS.ZS,Guinea                                              ,GIN         ,21.4968703899218
Exports of goods and services (% of GDP),NE.EXP.GNFS.ZS,Guinea-Bissau                                       ,GNB         ,27.5430439150609
Exports of goods and services (% of GDP),NE.EXP.GNFS.ZS,Guyana                                              ,GUY         ,36.00806390539
Exports of goods and services (% of GDP),NE.EXP.GNFS.ZS,Haiti                                               ,HTI         ,20.0073646741132
Exports of goods and services (% of GDP),NE.EXP.GNFS.ZS,Honduras                                            ,HND         ,45.1667574562581
Exports of goods and services (% of GDP),NE.EXP.GNFS.ZS,"Hong Kong SAR, China"                              ,HKG         ,195.89760161449
Exports of goods and services (% of GDP),NE.EXP.GNFS.ZS,Hungary                                             ,HUN         ,87.9793891678772
Exports of goods and services (% of GDP),NE.EXP.GNFS.ZS,Iceland                                             ,ISL         ,51.8047460810228
Exports of goods and services (% of GDP),NE.EXP.GNFS.ZS,India                                               ,IND         ,19.8131891259911
Exports of goods and services (% of GDP),NE.EXP.GNFS.ZS,Indonesia                                           ,IDN         ,21.1601792598059
Exports of goods and services (% of GDP),NE.EXP.GNFS.ZS,"Iran, Islamic Rep."                                ,IRN         ,19.7433861706823
Exports of goods and services (% of GDP),NE.EXP.GNFS.ZS,Iraq                                                ,IRQ         ,35.3401544401544
Exports of goods and services (% of GDP),NE.EXP.GNFS.ZS,Ireland                                             ,IRL         ,121.965038601737
Exports of goods and services (% of GDP),NE.EXP.GNFS.ZS,Isle of Man                                         ,IMN         ,..
Exports of goods and services (% of GDP),NE.EXP.GNFS.ZS,Israel                                              ,ISR         ,31.2075538166295
Exports of goods and services (% of GDP),NE.EXP.GNFS.ZS,Italy                                               ,ITA         ,29.7159823723612
Exports of goods and services (% of GDP),NE.EXP.GNFS.ZS,Jamaica                                             ,JAM         ,29.9242798572128
Exports of goods and services (% of GDP),NE.EXP.GNFS.ZS,Japan                                               ,JPN         ,17.6109755367671
Exports of goods and services (% of GDP),NE.EXP.GNFS.ZS,Jordan                                              ,JOR         ,37.0684373131538
Exports of goods and services (% of GDP),NE.EXP.GNFS.ZS,Kazakhstan                                          ,KAZ         ,28.5167080072354
Exports of goods and services (% of GDP),NE.EXP.GNFS.ZS,Kenya                                               ,KEN         ,16.5735082046997
Exports of goods and services (% of GDP),NE.EXP.GNFS.ZS,Kiribati                                            ,KIR         ,15.6246295686533
Exports of goods and services (% of GDP),NE.EXP.GNFS.ZS,"Korea, Dem. Peopleâ€™s Rep."                         ,PRK         ,..
Exports of goods and services (% of GDP),NE.EXP.GNFS.ZS,"Korea, Rep."                                       ,KOR         ,42.989561527711
Exports of goods and services (% of GDP),NE.EXP.GNFS.ZS,Kosovo                                              ,XKX         ,21.9373170311693
Exports of goods and services (% of GDP),NE.EXP.GNFS.ZS,Kuwait                                              ,KWT         ,53.7662480818489
Exports of goods and services (% of GDP),NE.EXP.GNFS.ZS,Kyrgyz Republic                                     ,KGZ         ,35.1896004872594
Exports of goods and services (% of GDP),NE.EXP.GNFS.ZS,Lao PDR                                             ,LAO         ,33.9522573081909
Exports of goods and services (% of GDP),NE.EXP.GNFS.ZS,Latvia                                              ,LVA         ,60.7200683502335
Exports of goods and services (% of GDP),NE.EXP.GNFS.ZS,Lebanon                                             ,LBN         ,23.1350170321601
Exports of goods and services (% of GDP),NE.EXP.GNFS.ZS,Lesotho                                             ,LSO         ,42.6642140455986
Exports of goods and services (% of GDP),NE.EXP.GNFS.ZS,Liberia                                             ,LBR         ,19.4690273843248
Exports of goods and services (% of GDP),NE.EXP.GNFS.ZS,Libya                                               ,LBY         ,39.9666607308094
Exports of goods and services (% of GDP),NE.EXP.GNFS.ZS,Liechtenstein                                       ,LIE         ,..
Exports of goods and services (% of GDP),NE.EXP.GNFS.ZS,Lithuania                                           ,LTU         ,68.8216339729772
Exports of goods and services (% of GDP),NE.EXP.GNFS.ZS,Luxembourg                                          ,LUX         ,221.196586443064
Exports of goods and services (% of GDP),NE.EXP.GNFS.ZS,"Macao SAR, China"                                  ,MAC         ,77.9129959443753
Exports of goods and services (% of GDP),NE.EXP.GNFS.ZS,Madagascar                                          ,MDG         ,28.3906387132497
Exports of goods and services (% of GDP),NE.EXP.GNFS.ZS,Malawi                                              ,MWI         ,29.1565198766117
Exports of goods and services (% of GDP),NE.EXP.GNFS.ZS,Malaysia                                            ,MYS         ,69.4486809449242
Exports of goods and services (% of GDP),NE.EXP.GNFS.ZS,Maldives                                            ,MDV         ,76.5339444696745
Exports of goods and services (% of GDP),NE.EXP.GNFS.ZS,Mali                                                ,MLI         ,24.0435843785981
Exports of goods and services (% of GDP),NE.EXP.GNFS.ZS,Malta                                               ,MLT         ,154.245015300312
Exports of goods and services (% of GDP),NE.EXP.GNFS.ZS,Marshall Islands                                    ,MHL         ,44.6234986424673
Exports of goods and services (% of GDP),NE.EXP.GNFS.ZS,Mauritania                                          ,MRT         ,33.8216366847367
Exports of goods and services (% of GDP),NE.EXP.GNFS.ZS,Mauritius                                           ,MUS         ,47.86224697665
Exports of goods and services (% of GDP),NE.EXP.GNFS.ZS,Mexico                                              ,MEX         ,34.5633308736609
Exports of goods and services (% of GDP),NE.EXP.GNFS.ZS,"Micronesia, Fed. Sts."                             ,FSM         ,27.0650027062475
Exports of goods and services (% of GDP),NE.EXP.GNFS.ZS,Moldova                                             ,MDA         ,31.8954513671775
Exports of goods and services (% of GDP),NE.EXP.GNFS.ZS,Monaco                                              ,MCO         ,..
Exports of goods and services (% of GDP),NE.EXP.GNFS.ZS,Mongolia                                            ,MNG         ,45.6455947692452
Exports of goods and services (% of GDP),NE.EXP.GNFS.ZS,Montenegro                                          ,MNE         ,42.1180721256354
Exports of goods and services (% of GDP),NE.EXP.GNFS.ZS,Morocco                                             ,MAR         ,34.8000404878789
Exports of goods and services (% of GDP),NE.EXP.GNFS.ZS,Mozambique                                          ,MOZ         ,31.0781713763781
Exports of goods and services (% of GDP),NE.EXP.GNFS.ZS,Myanmar                                             ,MMR         ,22.9751672339693
Exports of goods and services (% of GDP),NE.EXP.GNFS.ZS,Namibia                                             ,NAM         ,35.5566604791162
Exports of goods and services (% of GDP),NE.EXP.GNFS.ZS,Nauru                                               ,NRU         ,52.7325023969319
Exports of goods and services (% of GDP),NE.EXP.GNFS.ZS,Nepal                                               ,NPL         ,11.6219397442892
Exports of goods and services (% of GDP),NE.EXP.GNFS.ZS,Netherlands                                         ,NLD         ,82.658896708444
Exports of goods and services (% of GDP),NE.EXP.GNFS.ZS,New Caledonia                                       ,NCL         ,..
Exports of goods and services (% of GDP),NE.EXP.GNFS.ZS,New Zealand                                         ,NZL         ,27.9153109822229
Exports of goods and services (% of GDP),NE.EXP.GNFS.ZS,Nicaragua                                           ,NIC         ,40.0834610749856
Exports of goods and services (% of GDP),NE.EXP.GNFS.ZS,Niger                                               ,NER         ,13.6503975283458
Exports of goods and services (% of GDP),NE.EXP.GNFS.ZS,Nigeria                                             ,NGA         ,10.6663096236472
Exports of goods and services (% of GDP),NE.EXP.GNFS.ZS,North Macedonia                                     ,MKD         ,48.7379999069691
Exports of goods and services (% of GDP),NE.EXP.GNFS.ZS,Northern Mariana Islands                            ,MNP         ,54.1353383458647
Exports of goods and services (% of GDP),NE.EXP.GNFS.ZS,Norway                                              ,NOR         ,37.8018159096519
Exports of goods and services (% of GDP),NE.EXP.GNFS.ZS,Oman                                                ,OMN         ,57.137099380606
Exports of goods and services (% of GDP),NE.EXP.GNFS.ZS,Pakistan                                            ,PAK         ,10.6044113782278
Exports of goods and services (% of GDP),NE.EXP.GNFS.ZS,Palau                                               ,PLW         ,58.3500876144579
Exports of goods and services (% of GDP),NE.EXP.GNFS.ZS,Panama                                              ,PAN         ,47.6851346879466
Exports of goods and services (% of GDP),NE.EXP.GNFS.ZS,Papua New Guinea                                    ,PNG         ,..
Exports of goods and services (% of GDP),NE.EXP.GNFS.ZS,Paraguay                                            ,PRY         ,33.0006187689897
Exports of goods and services (% of GDP),NE.EXP.GNFS.ZS,Peru                                                ,PER         ,21.2873252858958
Exports of goods and services (% of GDP),NE.EXP.GNFS.ZS,Philippines                                         ,PHL         ,27.2080572388812
Exports of goods and services (% of GDP),NE.EXP.GNFS.ZS,Poland                                              ,POL         ,49.4974845062583
Exports of goods and services (% of GDP),NE.EXP.GNFS.ZS,Portugal                                            ,PRT         ,40.6151154462762
Exports of goods and services (% of GDP),NE.EXP.GNFS.ZS,Puerto Rico                                         ,PRI         ,67.198764504162
Exports of goods and services (% of GDP),NE.EXP.GNFS.ZS,Qatar                                               ,QAT         ,57.0615202477184
Exports of goods and services (% of GDP),NE.EXP.GNFS.ZS,Romania                                             ,ROU         ,41.0180191128728
Exports of goods and services (% of GDP),NE.EXP.GNFS.ZS,Russian Federation                                  ,RUS         ,28.703389442924
Exports of goods and services (% of GDP),NE.EXP.GNFS.ZS,Rwanda                                              ,RWA         ,15.907555834095
Exports of goods and services (% of GDP),NE.EXP.GNFS.ZS,Samoa                                               ,WSM         ,28.3753331744583
Exports of goods and services (% of GDP),NE.EXP.GNFS.ZS,San Marino                                          ,SMR         ,174.493669463518
Exports of goods and services (% of GDP),NE.EXP.GNFS.ZS,Sao Tome and Principe                               ,STP         ,..
Exports of goods and services (% of GDP),NE.EXP.GNFS.ZS,Saudi Arabia                                        ,SAU         ,33.3211712414632
Exports of goods and services (% of GDP),NE.EXP.GNFS.ZS,Senegal                                             ,SEN         ,22.6771945016724
Exports of goods and services (% of GDP),NE.EXP.GNFS.ZS,Serbia                                              ,SRB         ,45.2736107613152
Exports of goods and services (% of GDP),NE.EXP.GNFS.ZS,Seychelles                                          ,SYC         ,81.0912581270725
Exports of goods and services (% of GDP),NE.EXP.GNFS.ZS,Sierra Leone                                        ,SLE         ,19.3625445264294
Exports of goods and services (% of GDP),NE.EXP.GNFS.ZS,Singapore                                           ,SGP         ,178.384608499682
Exports of goods and services (% of GDP),NE.EXP.GNFS.ZS,Sint Maarten (Dutch part)                           ,SXM         ,114.448111477814
Exports of goods and services (% of GDP),NE.EXP.GNFS.ZS,Slovak Republic                                     ,SVK         ,92.0228927438907
Exports of goods and services (% of GDP),NE.EXP.GNFS.ZS,Slovenia                                            ,SVN         ,77.1486775672368
Exports of goods and services (% of GDP),NE.EXP.GNFS.ZS,Solomon Islands                                     ,SLB         ,45.07474354501
Exports of goods and services (% of GDP),NE.EXP.GNFS.ZS,Somalia                                             ,SOM         ,..
Exports of goods and services (% of GDP),NE.EXP.GNFS.ZS,South Africa                                        ,ZAF         ,30.152888329641
Exports of goods and services (% of GDP),NE.EXP.GNFS.ZS,South Sudan                                         ,SSD         ,36.6513492804707
Exports of goods and services (% of GDP),NE.EXP.GNFS.ZS,Spain                                               ,ESP         ,33.6265184346551
Exports of goods and services (% of GDP),NE.EXP.GNFS.ZS,Sri Lanka                                           ,LKA         ,21.013103191359
Exports of goods and services (% of GDP),NE.EXP.GNFS.ZS,St. Kitts and Nevis                                 ,KNA         ,57.4518960730506
Exports of goods and services (% of GDP),NE.EXP.GNFS.ZS,St. Lucia                                           ,LCA         ,..
Exports of goods and services (% of GDP),NE.EXP.GNFS.ZS,St. Martin (French part)                            ,MAF         ,..
Exports of goods and services (% of GDP),NE.EXP.GNFS.ZS,St. Vincent and the Grenadines                      ,VCT         ,..
Exports of goods and services (% of GDP),NE.EXP.GNFS.ZS,Sudan                                               ,SDN         ,8.18222616311126
Exports of goods and services (% of GDP),NE.EXP.GNFS.ZS,Suriname                                            ,SUR         ,..
Exports of goods and services (% of GDP),NE.EXP.GNFS.ZS,Sweden                                              ,SWE         ,43.7667675162599
Exports of goods and services (% of GDP),NE.EXP.GNFS.ZS,Switzerland                                         ,CHE         ,62.2161478826626
Exports of goods and services (% of GDP),NE.EXP.GNFS.ZS,Syrian Arab Republic                                ,SYR         ,..
Exports of goods and services (% of GDP),NE.EXP.GNFS.ZS,Tajikistan                                          ,TJK         ,10.4898499649856
Exports of goods and services (% of GDP),NE.EXP.GNFS.ZS,Tanzania                                            ,TZA         ,17.1049113506573
Exports of goods and services (% of GDP),NE.EXP.GNFS.ZS,Thailand                                            ,THA         ,67.6367739339059
Exports of goods and services (% of GDP),NE.EXP.GNFS.ZS,Timor-Leste                                         ,TLS         ,3.03812602040437
Exports of goods and services (% of GDP),NE.EXP.GNFS.ZS,Togo                                                ,TGO         ,35.8463566899441
Exports of goods and services (% of GDP),NE.EXP.GNFS.ZS,Tonga                                               ,TON         ,17.0214395461529
Exports of goods and services (% of GDP),NE.EXP.GNFS.ZS,Trinidad and Tobago                                 ,TTO         ,..
Exports of goods and services (% of GDP),NE.EXP.GNFS.ZS,Tunisia                                             ,TUN         ,40.6423022561345
Exports of goods and services (% of GDP),NE.EXP.GNFS.ZS,Turkey                                              ,TUR         ,23.3459303495201
Exports of goods and services (% of GDP),NE.EXP.GNFS.ZS,Turkmenistan                                        ,TKM         ,35.6754642894197
Exports of goods and services (% of GDP),NE.EXP.GNFS.ZS,Turks and Caicos Islands                            ,TCA         ,..
Exports of goods and services (% of GDP),NE.EXP.GNFS.ZS,Tuvalu                                              ,TUV         ,..
Exports of goods and services (% of GDP),NE.EXP.GNFS.ZS,Uganda                                              ,UGA         ,12.982530666936
Exports of goods and services (% of GDP),NE.EXP.GNFS.ZS,Ukraine                                             ,UKR         ,52.5976795082231
Exports of goods and services (% of GDP),NE.EXP.GNFS.ZS,United Arab Emirates                                ,ARE         ,100.870480235332
Exports of goods and services (% of GDP),NE.EXP.GNFS.ZS,United Kingdom                                      ,GBR         ,27.6514218820426
Exports of goods and services (% of GDP),NE.EXP.GNFS.ZS,United States                                       ,USA         ,12.4417529794929
Exports of goods and services (% of GDP),NE.EXP.GNFS.ZS,Uruguay                                             ,URY         ,22.477851278361
Exports of goods and services (% of GDP),NE.EXP.GNFS.ZS,Uzbekistan                                          ,UZB         ,15.3320737677552
Exports of goods and services (% of GDP),NE.EXP.GNFS.ZS,Vanuatu                                             ,VUT         ,..
Exports of goods and services (% of GDP),NE.EXP.GNFS.ZS,"Venezuela, RB"                                     ,VEN         ,..
Exports of goods and services (% of GDP),NE.EXP.GNFS.ZS,Vietnam                                             ,VNM         ,89.7792486373269
Exports of goods and services (% of GDP),NE.EXP.GNFS.ZS,Virgin Islands (U.S.)                               ,VIR         ,74.5731056563501
Exports of goods and services (% of GDP),NE.EXP.GNFS.ZS,West Bank and Gaza                                  ,PSE         ,18.4494594807859
Exports of goods and services (% of GDP),NE.EXP.GNFS.ZS,"Yemen, Rep."                                       ,YEM         ,..
Exports of goods and services (% of GDP),NE.EXP.GNFS.ZS,Zambia                                              ,ZMB         ,37.1397109278212
Exports of goods and services (% of GDP),NE.EXP.GNFS.ZS,Zimbabwe                                            ,ZWE         ,19.1601757893503
Exports of goods and services (% of GDP),NE.EXP.GNFS.ZS,Arab World                                          ,ARB         ,43.9832222308595
Exports of goods and services (% of GDP),NE.EXP.GNFS.ZS,Caribbean small states                              ,CSS         ,..
Exports of goods and services (% of GDP),NE.EXP.GNFS.ZS,Central Europe and the Baltics                      ,CEB         ,62.5652841924202
Exports of goods and services (% of GDP),NE.EXP.GNFS.ZS,Early-demographic dividend                          ,EAR         ,24.3669176646833
Exports of goods and services (% of GDP),NE.EXP.GNFS.ZS,East Asia & Pacific                                 ,EAS         ,30.096052431291
Exports of goods and services (% of GDP),NE.EXP.GNFS.ZS,East Asia & Pacific (excluding high income)         ,EAP         ,26.1216681414248
Exports of goods and services (% of GDP),NE.EXP.GNFS.ZS,East Asia & Pacific (IDA & IBRD countries)          ,TEA         ,26.1219097054528
Exports of goods and services (% of GDP),NE.EXP.GNFS.ZS,Euro area                                           ,EMU         ,44.4793486296853
Exports of goods and services (% of GDP),NE.EXP.GNFS.ZS,Europe & Central Asia                               ,ECS         ,41.8642888872172
Exports of goods and services (% of GDP),NE.EXP.GNFS.ZS,Europe & Central Asia (excluding high income)       ,ECA         ,30.1796456932823
Exports of goods and services (% of GDP),NE.EXP.GNFS.ZS,Europe & Central Asia (IDA & IBRD countries)        ,TEC         ,33.7007056719044
Exports of goods and services (% of GDP),NE.EXP.GNFS.ZS,European Union                                      ,EUU         ,45.73909741285
Exports of goods and services (% of GDP),NE.EXP.GNFS.ZS,Fragile and conflict affected situations            ,FCS         ,..
Exports of goods and services (% of GDP),NE.EXP.GNFS.ZS,Heavily indebted poor countries (HIPC)              ,HPC         ,23.2033601767891
Exports of goods and services (% of GDP),NE.EXP.GNFS.ZS,High income                                         ,HIC         ,31.2684083442032
Exports of goods and services (% of GDP),NE.EXP.GNFS.ZS,IBRD only                                           ,IBD         ,25.6628099936842
Exports of goods and services (% of GDP),NE.EXP.GNFS.ZS,IDA & IBRD total                                    ,IBT         ,25.2095613940196
Exports of goods and services (% of GDP),NE.EXP.GNFS.ZS,IDA blend                                           ,IDB         ,13.1708938007637
Exports of goods and services (% of GDP),NE.EXP.GNFS.ZS,IDA only                                            ,IDX         ,22.3995927232972
Exports of goods and services (% of GDP),NE.EXP.GNFS.ZS,IDA total                                           ,IDA         ,18.113006315594
Exports of goods and services (% of GDP),NE.EXP.GNFS.ZS,Late-demographic dividend                           ,LTE         ,30.8200242590132
Exports of goods and services (% of GDP),NE.EXP.GNFS.ZS,Latin America & Caribbean                           ,LCN         ,21.0160673261501
Exports of goods and services (% of GDP),NE.EXP.GNFS.ZS,Latin America & Caribbean (excluding high income)   ,LAC         ,19.5729325112013
Exports of goods and services (% of GDP),NE.EXP.GNFS.ZS,Latin America & the Caribbean (IDA & IBRD countries),TLA         ,20.2572578775144
Exports of goods and services (% of GDP),NE.EXP.GNFS.ZS,Least developed countries: UN classification        ,LDC         ,21.6070736470802
Exports of goods and services (% of GDP),NE.EXP.GNFS.ZS,Low & middle income                                 ,LMY         ,24.235762334566
Exports of goods and services (% of GDP),NE.EXP.GNFS.ZS,Low income                                          ,LIC         ,17.4283995347249
Exports of goods and services (% of GDP),NE.EXP.GNFS.ZS,Lower middle income                                 ,LMC         ,24.0930010315459
Exports of goods and services (% of GDP),NE.EXP.GNFS.ZS,Middle East & North Africa                          ,MEA         ,39.8227503248334
Exports of goods and services (% of GDP),NE.EXP.GNFS.ZS,Middle East & North Africa (excluding high income)  ,MNA         ,24.5988925605906
Exports of goods and services (% of GDP),NE.EXP.GNFS.ZS,Middle East & North Africa (IDA & IBRD countries)   ,TMN         ,24.6433681172177
Exports of goods and services (% of GDP),NE.EXP.GNFS.ZS,Middle income                                       ,MIC         ,24.3277200713016
Exports of goods and services (% of GDP),NE.EXP.GNFS.ZS,North America                                       ,NAC         ,14.2031171950327
Exports of goods and services (% of GDP),NE.EXP.GNFS.ZS,Not classified                                      ,INX         ,..
Exports of goods and services (% of GDP),NE.EXP.GNFS.ZS,OECD members                                        ,OED         ,28.2666043845284
Exports of goods and services (% of GDP),NE.EXP.GNFS.ZS,Other small states                                  ,OSS         ,61.7797706168833
Exports of goods and services (% of GDP),NE.EXP.GNFS.ZS,Pacific island small states                         ,PSS         ,..
Exports of goods and services (% of GDP),NE.EXP.GNFS.ZS,Post-demographic dividend                           ,PST         ,29.3274752049715
Exports of goods and services (% of GDP),NE.EXP.GNFS.ZS,Pre-demographic dividend                            ,PRE         ,21.8794184439472
Exports of goods and services (% of GDP),NE.EXP.GNFS.ZS,Small states                                        ,SST         ,59.1541795210076
Exports of goods and services (% of GDP),NE.EXP.GNFS.ZS,South Asia                                          ,SAS         ,18.7301047692134
Exports of goods and services (% of GDP),NE.EXP.GNFS.ZS,South Asia (IDA & IBRD)                             ,TSA         ,18.7301047692134
Exports of goods and services (% of GDP),NE.EXP.GNFS.ZS,Sub-Saharan Africa                                  ,SSF         ,23.7760018253139
Exports of goods and services (% of GDP),NE.EXP.GNFS.ZS,Sub-Saharan Africa (excluding high income)          ,SSA         ,23.512247428844
Exports of goods and services (% of GDP),NE.EXP.GNFS.ZS,Sub-Saharan Africa (IDA & IBRD countries)           ,TSS         ,23.7760018253139
Exports of goods and services (% of GDP),NE.EXP.GNFS.ZS,Upper middle income                                 ,UMC         ,24.3865137878461
Exports of goods and services (% of GDP),NE.EXP.GNFS.ZS,World                                               ,WLD         ,29.2450537933958