Series Name                          ,Series Code      ,Country Name                                        ,Country Code,health
Current health expenditure (% of GDP),SH.XPD.CHEX.GD.ZS,Afghanistan                                         ,AFG         ,10.1053476333618
Current health expenditure (% of GDP),SH.XPD.CHEX.GD.ZS,Albania                                             ,ALB         ,..
Current health expenditure (% of GDP),SH.XPD.CHEX.GD.ZS,Algeria                                             ,DZA         ,6.97847604751587
Current health expenditure (% of GDP),SH.XPD.CHEX.GD.ZS,American Samoa                                      ,ASM         ,..
Current health expenditure (% of GDP),SH.XPD.CHEX.GD.ZS,Andorra                                             ,AND         ,10.2527126669884
Current health expenditure (% of GDP),SH.XPD.CHEX.GD.ZS,Angola                                              ,AGO         ,2.60579492896795
Current health expenditure (% of GDP),SH.XPD.CHEX.GD.ZS,Antigua and Barbuda                                 ,ATG         ,4.70175370573998
Current health expenditure (% of GDP),SH.XPD.CHEX.GD.ZS,Argentina                                           ,ARG         ,8.78850445151329
Current health expenditure (% of GDP),SH.XPD.CHEX.GD.ZS,Armenia                                             ,ARM         ,10.1176336407661
Current health expenditure (% of GDP),SH.XPD.CHEX.GD.ZS,Aruba                                               ,ABW         ,..
Current health expenditure (% of GDP),SH.XPD.CHEX.GD.ZS,Australia                                           ,AUS         ,9.31473970413208
Current health expenditure (% of GDP),SH.XPD.CHEX.GD.ZS,Austria                                             ,AUT         ,10.3677898645401
Current health expenditure (% of GDP),SH.XPD.CHEX.GD.ZS,Azerbaijan                                          ,AZE         ,6.7139521241188
Current health expenditure (% of GDP),SH.XPD.CHEX.GD.ZS,"Bahamas, The"                                      ,BHS         ,5.71438558399677
Current health expenditure (% of GDP),SH.XPD.CHEX.GD.ZS,Bahrain                                             ,BHR         ,4.97506633400917
Current health expenditure (% of GDP),SH.XPD.CHEX.GD.ZS,Bangladesh                                          ,BGD         ,2.46311463415623
Current health expenditure (% of GDP),SH.XPD.CHEX.GD.ZS,Barbados                                            ,BRB         ,6.96714371442795
Current health expenditure (% of GDP),SH.XPD.CHEX.GD.ZS,Belarus                                             ,BLR         ,6.06533326208591
Current health expenditure (% of GDP),SH.XPD.CHEX.GD.ZS,Belgium                                             ,BEL         ,10.2801322937012
Current health expenditure (% of GDP),SH.XPD.CHEX.GD.ZS,Belize                                              ,BLZ         ,5.90320862829685
Current health expenditure (% of GDP),SH.XPD.CHEX.GD.ZS,Benin                                               ,BEN         ,3.99181954562664
Current health expenditure (% of GDP),SH.XPD.CHEX.GD.ZS,Bermuda                                             ,BMU         ,..
Current health expenditure (% of GDP),SH.XPD.CHEX.GD.ZS,Bhutan                                              ,BTN         ,3.65807972848415
Current health expenditure (% of GDP),SH.XPD.CHEX.GD.ZS,Bolivia                                             ,BOL         ,6.61701411008835
Current health expenditure (% of GDP),SH.XPD.CHEX.GD.ZS,Bosnia and Herzegovina                              ,BIH         ,9.33953672647476
Current health expenditure (% of GDP),SH.XPD.CHEX.GD.ZS,Botswana                                            ,BWA         ,5.72629943490028
Current health expenditure (% of GDP),SH.XPD.CHEX.GD.ZS,Brazil                                              ,BRA         ,8.87020379304886
Current health expenditure (% of GDP),SH.XPD.CHEX.GD.ZS,British Virgin Islands                              ,VGB         ,..
Current health expenditure (% of GDP),SH.XPD.CHEX.GD.ZS,Brunei Darussalam                                   ,BRN         ,2.38708909600973
Current health expenditure (% of GDP),SH.XPD.CHEX.GD.ZS,Bulgaria                                            ,BGR         ,8.20273160934448
Current health expenditure (% of GDP),SH.XPD.CHEX.GD.ZS,Burkina Faso                                        ,BFA         ,5.82530051469803
Current health expenditure (% of GDP),SH.XPD.CHEX.GD.ZS,Burundi                                             ,BDI         ,6.57856911420822
Current health expenditure (% of GDP),SH.XPD.CHEX.GD.ZS,Cabo Verde                                          ,CPV         ,4.81860935688019
Current health expenditure (% of GDP),SH.XPD.CHEX.GD.ZS,Cambodia                                            ,KHM         ,6.19431585073471
Current health expenditure (% of GDP),SH.XPD.CHEX.GD.ZS,Cameroon                                            ,CMR         ,4.69952337443829
Current health expenditure (% of GDP),SH.XPD.CHEX.GD.ZS,Canada                                              ,CAN         ,10.5106920003891
Current health expenditure (% of GDP),SH.XPD.CHEX.GD.ZS,Cayman Islands                                      ,CYM         ,..
Current health expenditure (% of GDP),SH.XPD.CHEX.GD.ZS,Central African Republic                            ,CAF         ,6.30899146199226
Current health expenditure (% of GDP),SH.XPD.CHEX.GD.ZS,Chad                                                ,TCD         ,4.5239545404911
Current health expenditure (% of GDP),SH.XPD.CHEX.GD.ZS,Channel Islands                                     ,CHI         ,..
Current health expenditure (% of GDP),SH.XPD.CHEX.GD.ZS,Chile                                               ,CHL         ,8.30269157886505
Current health expenditure (% of GDP),SH.XPD.CHEX.GD.ZS,China                                               ,CHN         ,4.88872304558754
Current health expenditure (% of GDP),SH.XPD.CHEX.GD.ZS,Colombia                                            ,COL         ,7.29742348194122
Current health expenditure (% of GDP),SH.XPD.CHEX.GD.ZS,Comoros                                             ,COM         ,7.77522251009941
Current health expenditure (% of GDP),SH.XPD.CHEX.GD.ZS,"Congo, Dem. Rep."                                  ,COD         ,3.94199565052986
Current health expenditure (% of GDP),SH.XPD.CHEX.GD.ZS,"Congo, Rep."                                       ,COG         ,3.41535210609436
Current health expenditure (% of GDP),SH.XPD.CHEX.GD.ZS,Costa Rica                                          ,CRI         ,7.82286003232002
Current health expenditure (% of GDP),SH.XPD.CHEX.GD.ZS,Cote d'Ivoire                                       ,CIV         ,4.42198179662228
Current health expenditure (% of GDP),SH.XPD.CHEX.GD.ZS,Croatia                                             ,HRV         ,6.78795650601387
Current health expenditure (% of GDP),SH.XPD.CHEX.GD.ZS,Cuba                                                ,CUB         ,12.8140136599541
Current health expenditure (% of GDP),SH.XPD.CHEX.GD.ZS,Curacao                                             ,CUW         ,..
Current health expenditure (% of GDP),SH.XPD.CHEX.GD.ZS,Cyprus                                              ,CYP         ,6.80903270840645
Current health expenditure (% of GDP),SH.XPD.CHEX.GD.ZS,Czech Republic                                      ,CZE         ,7.24275708198547
Current health expenditure (% of GDP),SH.XPD.CHEX.GD.ZS,Denmark                                             ,DNK         ,10.2271653711796
Current health expenditure (% of GDP),SH.XPD.CHEX.GD.ZS,Djibouti                                            ,DJI         ,4.38930131494999
Current health expenditure (% of GDP),SH.XPD.CHEX.GD.ZS,Dominica                                            ,DMA         ,5.4116278886795
Current health expenditure (% of GDP),SH.XPD.CHEX.GD.ZS,Dominican Republic                                  ,DOM         ,5.98247051239014
Current health expenditure (% of GDP),SH.XPD.CHEX.GD.ZS,Ecuador                                             ,ECU         ,8.58845710754395
Current health expenditure (% of GDP),SH.XPD.CHEX.GD.ZS,"Egypt, Arab Rep."                                  ,EGY         ,5.33657260239124
Current health expenditure (% of GDP),SH.XPD.CHEX.GD.ZS,El Salvador                                         ,SLV         ,7.63034075498581
Current health expenditure (% of GDP),SH.XPD.CHEX.GD.ZS,Equatorial Guinea                                   ,GNQ         ,2.91533973067999
Current health expenditure (% of GDP),SH.XPD.CHEX.GD.ZS,Eritrea                                             ,ERI         ,2.86434311419725
Current health expenditure (% of GDP),SH.XPD.CHEX.GD.ZS,Estonia                                             ,EST         ,6.38630390167236
Current health expenditure (% of GDP),SH.XPD.CHEX.GD.ZS,Eswatini                                            ,SWZ         ,7.12694451212883
Current health expenditure (% of GDP),SH.XPD.CHEX.GD.ZS,Ethiopia                                            ,ETH         ,3.94492037594318
Current health expenditure (% of GDP),SH.XPD.CHEX.GD.ZS,Faroe Islands                                       ,FRO         ,..
Current health expenditure (% of GDP),SH.XPD.CHEX.GD.ZS,Fiji                                                ,FJI         ,3.56886349618435
Current health expenditure (% of GDP),SH.XPD.CHEX.GD.ZS,Finland                                             ,FIN         ,9.70412269234657
Current health expenditure (% of GDP),SH.XPD.CHEX.GD.ZS,France                                              ,FRA         ,11.4590764045715
Current health expenditure (% of GDP),SH.XPD.CHEX.GD.ZS,French Polynesia                                    ,PYF         ,..
Current health expenditure (% of GDP),SH.XPD.CHEX.GD.ZS,Gabon                                               ,GAB         ,2.65743788331747
Current health expenditure (% of GDP),SH.XPD.CHEX.GD.ZS,"Gambia, The"                                       ,GMB         ,3.09994928538799
Current health expenditure (% of GDP),SH.XPD.CHEX.GD.ZS,Georgia                                             ,GEO         ,7.93235898017883
Current health expenditure (% of GDP),SH.XPD.CHEX.GD.ZS,Germany                                             ,DEU         ,11.0880129039288
Current health expenditure (% of GDP),SH.XPD.CHEX.GD.ZS,Ghana                                               ,GHA         ,4.62171472609043
Current health expenditure (% of GDP),SH.XPD.CHEX.GD.ZS,Gibraltar                                           ,GIB         ,..
Current health expenditure (% of GDP),SH.XPD.CHEX.GD.ZS,Greece                                              ,GRC         ,8.08988660573959
Current health expenditure (% of GDP),SH.XPD.CHEX.GD.ZS,Greenland                                           ,GRL         ,..
Current health expenditure (% of GDP),SH.XPD.CHEX.GD.ZS,Grenada                                             ,GRD         ,4.71733175218105
Current health expenditure (% of GDP),SH.XPD.CHEX.GD.ZS,Guam                                                ,GUM         ,..
Current health expenditure (% of GDP),SH.XPD.CHEX.GD.ZS,Guatemala                                           ,GTM         ,5.96048086881638
Current health expenditure (% of GDP),SH.XPD.CHEX.GD.ZS,Guinea                                              ,GIN         ,5.80920577049255
Current health expenditure (% of GDP),SH.XPD.CHEX.GD.ZS,Guinea-Bissau                                       ,GNB         ,8.59115347266197
Current health expenditure (% of GDP),SH.XPD.CHEX.GD.ZS,Guyana                                              ,GUY         ,4.51808050274849
Current health expenditure (% of GDP),SH.XPD.CHEX.GD.ZS,Haiti                                               ,HTI         ,8.62852931022644
Current health expenditure (% of GDP),SH.XPD.CHEX.GD.ZS,Honduras                                            ,HND         ,7.71396905183792
Current health expenditure (% of GDP),SH.XPD.CHEX.GD.ZS,"Hong Kong SAR, China"                              ,HKG         ,..
Current health expenditure (% of GDP),SH.XPD.CHEX.GD.ZS,Hungary                                             ,HUN         ,6.97097480297089
Current health expenditure (% of GDP),SH.XPD.CHEX.GD.ZS,Iceland                                             ,ISL         ,8.15236866474152
Current health expenditure (% of GDP),SH.XPD.CHEX.GD.ZS,India                                               ,IND         ,3.59565988183022
Current health expenditure (% of GDP),SH.XPD.CHEX.GD.ZS,Indonesia                                           ,IDN         ,3.01182251423597
Current health expenditure (% of GDP),SH.XPD.CHEX.GD.ZS,"Iran, Islamic Rep."                                ,IRN         ,7.76057913899422
Current health expenditure (% of GDP),SH.XPD.CHEX.GD.ZS,Iraq                                                ,IRQ         ,3.14279086887836
Current health expenditure (% of GDP),SH.XPD.CHEX.GD.ZS,Ireland                                             ,IRL         ,7.3358029127121
Current health expenditure (% of GDP),SH.XPD.CHEX.GD.ZS,Isle of Man                                         ,IMN         ,..
Current health expenditure (% of GDP),SH.XPD.CHEX.GD.ZS,Israel                                              ,ISR         ,7.0865161716938
Current health expenditure (% of GDP),SH.XPD.CHEX.GD.ZS,Italy                                               ,ITA         ,8.98803398013115
Current health expenditure (% of GDP),SH.XPD.CHEX.GD.ZS,Jamaica                                             ,JAM         ,5.65508455038071
Current health expenditure (% of GDP),SH.XPD.CHEX.GD.ZS,Japan                                               ,JPN         ,10.8855068683624
Current health expenditure (% of GDP),SH.XPD.CHEX.GD.ZS,Jordan                                              ,JOR         ,7.5931578874588
Current health expenditure (% of GDP),SH.XPD.CHEX.GD.ZS,Kazakhstan                                          ,KAZ         ,3.0457466840744
Current health expenditure (% of GDP),SH.XPD.CHEX.GD.ZS,Kenya                                               ,KEN         ,5.2193857729435
Current health expenditure (% of GDP),SH.XPD.CHEX.GD.ZS,Kiribati                                            ,KIR         ,7.98818543553352
Current health expenditure (% of GDP),SH.XPD.CHEX.GD.ZS,"Korea, Dem. Peopleâ€™s Rep."                         ,PRK         ,..
Current health expenditure (% of GDP),SH.XPD.CHEX.GD.ZS,"Korea, Rep."                                       ,KOR         ,7.0450559258461
Current health expenditure (% of GDP),SH.XPD.CHEX.GD.ZS,Kosovo                                              ,XKX         ,..
Current health expenditure (% of GDP),SH.XPD.CHEX.GD.ZS,Kuwait                                              ,KWT         ,4.01473604142666
Current health expenditure (% of GDP),SH.XPD.CHEX.GD.ZS,Kyrgyz Republic                                     ,KGZ         ,7.14930891990662
Current health expenditure (% of GDP),SH.XPD.CHEX.GD.ZS,Lao PDR                                             ,LAO         ,2.4536645039916
Current health expenditure (% of GDP),SH.XPD.CHEX.GD.ZS,Latvia                                              ,LVA         ,5.71063682436943
Current health expenditure (% of GDP),SH.XPD.CHEX.GD.ZS,Lebanon                                             ,LBN         ,7.67934322357178
Current health expenditure (% of GDP),SH.XPD.CHEX.GD.ZS,Lesotho                                             ,LSO         ,8.40155482292175
Current health expenditure (% of GDP),SH.XPD.CHEX.GD.ZS,Liberia                                             ,LBR         ,10.289791226387
Current health expenditure (% of GDP),SH.XPD.CHEX.GD.ZS,Libya                                               ,LBY         ,..
Current health expenditure (% of GDP),SH.XPD.CHEX.GD.ZS,Liechtenstein                                       ,LIE         ,..
Current health expenditure (% of GDP),SH.XPD.CHEX.GD.ZS,Lithuania                                           ,LTU         ,6.4751461148262
Current health expenditure (% of GDP),SH.XPD.CHEX.GD.ZS,Luxembourg                                          ,LUX         ,5.47898896038532
Current health expenditure (% of GDP),SH.XPD.CHEX.GD.ZS,"Macao SAR, China"                                  ,MAC         ,..
Current health expenditure (% of GDP),SH.XPD.CHEX.GD.ZS,Madagascar                                          ,MDG         ,5.72116859257221
Current health expenditure (% of GDP),SH.XPD.CHEX.GD.ZS,Malawi                                              ,MWI         ,9.33334082365036
Current health expenditure (% of GDP),SH.XPD.CHEX.GD.ZS,Malaysia                                            ,MYS         ,3.894904255867
Current health expenditure (% of GDP),SH.XPD.CHEX.GD.ZS,Maldives                                            ,MDV         ,8.69030207395554
Current health expenditure (% of GDP),SH.XPD.CHEX.GD.ZS,Mali                                                ,MLI         ,4.11143340170383
Current health expenditure (% of GDP),SH.XPD.CHEX.GD.ZS,Malta                                               ,MLT         ,9.23720598220825
Current health expenditure (% of GDP),SH.XPD.CHEX.GD.ZS,Marshall Islands                                    ,MHL         ,17.5906553864479
Current health expenditure (% of GDP),SH.XPD.CHEX.GD.ZS,Mauritania                                          ,MRT         ,4.74324747920036
Current health expenditure (% of GDP),SH.XPD.CHEX.GD.ZS,Mauritius                                           ,MUS         ,5.69995865225792
Current health expenditure (% of GDP),SH.XPD.CHEX.GD.ZS,Mexico                                              ,MEX         ,5.79708740115166
Current health expenditure (% of GDP),SH.XPD.CHEX.GD.ZS,"Micronesia, Fed. Sts."                             ,FSM         ,12.5315219163895
Current health expenditure (% of GDP),SH.XPD.CHEX.GD.ZS,Moldova                                             ,MDA         ,8.55763554573059
Current health expenditure (% of GDP),SH.XPD.CHEX.GD.ZS,Monaco                                              ,MCO         ,2.02833339571953
Current health expenditure (% of GDP),SH.XPD.CHEX.GD.ZS,Mongolia                                            ,MNG         ,4.23834063112736
Current health expenditure (% of GDP),SH.XPD.CHEX.GD.ZS,Montenegro                                          ,MNE         ,..
Current health expenditure (% of GDP),SH.XPD.CHEX.GD.ZS,Morocco                                             ,MAR         ,5.07174469530582
Current health expenditure (% of GDP),SH.XPD.CHEX.GD.ZS,Mozambique                                          ,MOZ         ,5.26851639151573
Current health expenditure (% of GDP),SH.XPD.CHEX.GD.ZS,Myanmar                                             ,MMR         ,5.19711524248123
Current health expenditure (% of GDP),SH.XPD.CHEX.GD.ZS,Namibia                                             ,NAM         ,9.93563905358315
Current health expenditure (% of GDP),SH.XPD.CHEX.GD.ZS,Nauru                                               ,NRU         ,13.251656293869
Current health expenditure (% of GDP),SH.XPD.CHEX.GD.ZS,Nepal                                               ,NPL         ,6.21927194297314
Current health expenditure (% of GDP),SH.XPD.CHEX.GD.ZS,Netherlands                                         ,NLD         ,10.3239379823208
Current health expenditure (% of GDP),SH.XPD.CHEX.GD.ZS,New Caledonia                                       ,NCL         ,..
Current health expenditure (% of GDP),SH.XPD.CHEX.GD.ZS,New Zealand                                         ,NZL         ,9.32830572128296
Current health expenditure (% of GDP),SH.XPD.CHEX.GD.ZS,Nicaragua                                           ,NIC         ,8.00148621201515
Current health expenditure (% of GDP),SH.XPD.CHEX.GD.ZS,Niger                                               ,NER         ,7.13803321123123
Current health expenditure (% of GDP),SH.XPD.CHEX.GD.ZS,Nigeria                                             ,NGA         ,3.58194969594479
Current health expenditure (% of GDP),SH.XPD.CHEX.GD.ZS,North Macedonia                                     ,MKD         ,6.3422791659832
Current health expenditure (% of GDP),SH.XPD.CHEX.GD.ZS,Northern Mariana Islands                            ,MNP         ,..
Current health expenditure (% of GDP),SH.XPD.CHEX.GD.ZS,Norway                                              ,NOR         ,10.1088926196098
Current health expenditure (% of GDP),SH.XPD.CHEX.GD.ZS,Oman                                                ,OMN         ,4.30440157651901
Current health expenditure (% of GDP),SH.XPD.CHEX.GD.ZS,Pakistan                                            ,PAK         ,2.68711932003498
Current health expenditure (% of GDP),SH.XPD.CHEX.GD.ZS,Palau                                               ,PLW         ,10.8883075416088
Current health expenditure (% of GDP),SH.XPD.CHEX.GD.ZS,Panama                                              ,PAN         ,6.80786743760109
Current health expenditure (% of GDP),SH.XPD.CHEX.GD.ZS,Papua New Guinea                                    ,PNG         ,1.9144119694829
Current health expenditure (% of GDP),SH.XPD.CHEX.GD.ZS,Paraguay                                            ,PRY         ,6.74699321389198
Current health expenditure (% of GDP),SH.XPD.CHEX.GD.ZS,Peru                                                ,PER         ,5.02586290240288
Current health expenditure (% of GDP),SH.XPD.CHEX.GD.ZS,Philippines                                         ,PHL         ,4.32136878371239
Current health expenditure (% of GDP),SH.XPD.CHEX.GD.ZS,Poland                                              ,POL         ,6.39791190624237
Current health expenditure (% of GDP),SH.XPD.CHEX.GD.ZS,Portugal                                            ,PRT         ,8.97184461355209
Current health expenditure (% of GDP),SH.XPD.CHEX.GD.ZS,Puerto Rico                                         ,PRI         ,..
Current health expenditure (% of GDP),SH.XPD.CHEX.GD.ZS,Qatar                                               ,QAT         ,3.11748906970024
Current health expenditure (% of GDP),SH.XPD.CHEX.GD.ZS,Romania                                             ,ROU         ,4.94268909096718
Current health expenditure (% of GDP),SH.XPD.CHEX.GD.ZS,Russian Federation                                  ,RUS         ,5.29517084360123
Current health expenditure (% of GDP),SH.XPD.CHEX.GD.ZS,Rwanda                                              ,RWA         ,6.5244697034359
Current health expenditure (% of GDP),SH.XPD.CHEX.GD.ZS,Samoa                                               ,WSM         ,5.67470975220203
Current health expenditure (% of GDP),SH.XPD.CHEX.GD.ZS,San Marino                                          ,SMR         ,7.35134854912758
Current health expenditure (% of GDP),SH.XPD.CHEX.GD.ZS,Sao Tome and Principe                               ,STP         ,5.38678541779518
Current health expenditure (% of GDP),SH.XPD.CHEX.GD.ZS,Saudi Arabia                                        ,SAU         ,5.99834509193897
Current health expenditure (% of GDP),SH.XPD.CHEX.GD.ZS,Senegal                                             ,SEN         ,4.38257306814194
Current health expenditure (% of GDP),SH.XPD.CHEX.GD.ZS,Serbia                                              ,SRB         ,8.81929099559784
Current health expenditure (% of GDP),SH.XPD.CHEX.GD.ZS,Seychelles                                          ,SYC         ,4.58823814988136
Current health expenditure (% of GDP),SH.XPD.CHEX.GD.ZS,Sierra Leone                                        ,SLE         ,20.413413643837
Current health expenditure (% of GDP),SH.XPD.CHEX.GD.ZS,Singapore                                           ,SGP         ,4.20450903475285
Current health expenditure (% of GDP),SH.XPD.CHEX.GD.ZS,Sint Maarten (Dutch part)                           ,SXM         ,..
Current health expenditure (% of GDP),SH.XPD.CHEX.GD.ZS,Slovak Republic                                     ,SVK         ,6.84655755758286
Current health expenditure (% of GDP),SH.XPD.CHEX.GD.ZS,Slovenia                                            ,SVN         ,8.49590003490448
Current health expenditure (% of GDP),SH.XPD.CHEX.GD.ZS,Solomon Islands                                     ,SLB         ,5.2486851811409
Current health expenditure (% of GDP),SH.XPD.CHEX.GD.ZS,Somalia                                             ,SOM         ,..
Current health expenditure (% of GDP),SH.XPD.CHEX.GD.ZS,South Africa                                        ,ZAF         ,8.20090919733047
Current health expenditure (% of GDP),SH.XPD.CHEX.GD.ZS,South Sudan                                         ,SSD         ,..
Current health expenditure (% of GDP),SH.XPD.CHEX.GD.ZS,Spain                                               ,ESP         ,9.10924822092056
Current health expenditure (% of GDP),SH.XPD.CHEX.GD.ZS,Sri Lanka                                           ,LKA         ,3.88992093503475
Current health expenditure (% of GDP),SH.XPD.CHEX.GD.ZS,St. Kitts and Nevis                                 ,KNA         ,4.92223650217056
Current health expenditure (% of GDP),SH.XPD.CHEX.GD.ZS,St. Lucia                                           ,LCA         ,4.80466336011887
Current health expenditure (% of GDP),SH.XPD.CHEX.GD.ZS,St. Martin (French part)                            ,MAF         ,..
Current health expenditure (% of GDP),SH.XPD.CHEX.GD.ZS,St. Vincent and the Grenadines                      ,VCT         ,4.26422990858555
Current health expenditure (% of GDP),SH.XPD.CHEX.GD.ZS,Sudan                                               ,SDN         ,7.18278661370277
Current health expenditure (% of GDP),SH.XPD.CHEX.GD.ZS,Suriname                                            ,SUR         ,6.21926672756672
Current health expenditure (% of GDP),SH.XPD.CHEX.GD.ZS,Sweden                                              ,SWE         ,11.0037192702293
Current health expenditure (% of GDP),SH.XPD.CHEX.GD.ZS,Switzerland                                         ,CHE         ,11.8843041360378
Current health expenditure (% of GDP),SH.XPD.CHEX.GD.ZS,Syrian Arab Republic                                ,SYR         ,..
Current health expenditure (% of GDP),SH.XPD.CHEX.GD.ZS,Tajikistan                                          ,TJK         ,6.90735951066017
Current health expenditure (% of GDP),SH.XPD.CHEX.GD.ZS,Tanzania                                            ,TZA         ,3.64963412284851
Current health expenditure (% of GDP),SH.XPD.CHEX.GD.ZS,Thailand                                            ,THA         ,3.66789400577545
Current health expenditure (% of GDP),SH.XPD.CHEX.GD.ZS,Timor-Leste                                         ,TLS         ,3.49424369633198
Current health expenditure (% of GDP),SH.XPD.CHEX.GD.ZS,Togo                                                ,TGO         ,6.24937415122986
Current health expenditure (% of GDP),SH.XPD.CHEX.GD.ZS,Tonga                                               ,TON         ,4.65201437473297
Current health expenditure (% of GDP),SH.XPD.CHEX.GD.ZS,Trinidad and Tobago                                 ,TTO         ,6.03951178491116
Current health expenditure (% of GDP),SH.XPD.CHEX.GD.ZS,Tunisia                                             ,TUN         ,7.0074126124382
Current health expenditure (% of GDP),SH.XPD.CHEX.GD.ZS,Turkey                                              ,TUR         ,4.13854606449604
Current health expenditure (% of GDP),SH.XPD.CHEX.GD.ZS,Turkmenistan                                        ,TKM         ,6.29793629050255
Current health expenditure (% of GDP),SH.XPD.CHEX.GD.ZS,Turks and Caicos Islands                            ,TCA         ,..
Current health expenditure (% of GDP),SH.XPD.CHEX.GD.ZS,Tuvalu                                              ,TUV         ,16.699592769146
Current health expenditure (% of GDP),SH.XPD.CHEX.GD.ZS,Uganda                                              ,UGA         ,6.48346096277237
Current health expenditure (% of GDP),SH.XPD.CHEX.GD.ZS,Ukraine                                             ,UKR         ,6.9453552365303
Current health expenditure (% of GDP),SH.XPD.CHEX.GD.ZS,United Arab Emirates                                ,ARE         ,3.58359441161156
Current health expenditure (% of GDP),SH.XPD.CHEX.GD.ZS,United Kingdom                                      ,GBR         ,9.68684554100037
Current health expenditure (% of GDP),SH.XPD.CHEX.GD.ZS,United States                                       ,USA         ,16.8398812413216
Current health expenditure (% of GDP),SH.XPD.CHEX.GD.ZS,Uruguay                                             ,URY         ,9.00819897651672
Current health expenditure (% of GDP),SH.XPD.CHEX.GD.ZS,Uzbekistan                                          ,UZB         ,6.10162690281868
Current health expenditure (% of GDP),SH.XPD.CHEX.GD.ZS,Vanuatu                                             ,VUT         ,4.1577372699976
Current health expenditure (% of GDP),SH.XPD.CHEX.GD.ZS,"Venezuela, RB"                                     ,VEN         ,5.12893199920654
Current health expenditure (% of GDP),SH.XPD.CHEX.GD.ZS,Vietnam                                             ,VNM         ,5.65262101590633
Current health expenditure (% of GDP),SH.XPD.CHEX.GD.ZS,Virgin Islands (U.S.)                               ,VIR         ,..
Current health expenditure (% of GDP),SH.XPD.CHEX.GD.ZS,West Bank and Gaza                                  ,PSE         ,..
Current health expenditure (% of GDP),SH.XPD.CHEX.GD.ZS,"Yemen, Rep."                                       ,YEM         ,4.2345754802227
Current health expenditure (% of GDP),SH.XPD.CHEX.GD.ZS,Zambia                                              ,ZMB         ,4.43510226905346
Current health expenditure (% of GDP),SH.XPD.CHEX.GD.ZS,Zimbabwe                                            ,ZWE         ,7.45206624269485
Current health expenditure (% of GDP),SH.XPD.CHEX.GD.ZS,Arab World                                          ,ARB         ,5.10373421198041
Current health expenditure (% of GDP),SH.XPD.CHEX.GD.ZS,Caribbean small states                              ,CSS         ,5.80003816253897
Current health expenditure (% of GDP),SH.XPD.CHEX.GD.ZS,Central Europe and the Baltics                      ,CEB         ,6.54939870070623
Current health expenditure (% of GDP),SH.XPD.CHEX.GD.ZS,Early-demographic dividend                          ,EAR         ,5.14078105858687
Current health expenditure (% of GDP),SH.XPD.CHEX.GD.ZS,East Asia & Pacific                                 ,EAS         ,6.48671216884924
Current health expenditure (% of GDP),SH.XPD.CHEX.GD.ZS,East Asia & Pacific (excluding high income)         ,EAP         ,4.70057056531302
Current health expenditure (% of GDP),SH.XPD.CHEX.GD.ZS,East Asia & Pacific (IDA & IBRD countries)          ,TEA         ,4.70075723767071
Current health expenditure (% of GDP),SH.XPD.CHEX.GD.ZS,Euro area                                           ,EMU         ,10.2023048041518
Current health expenditure (% of GDP),SH.XPD.CHEX.GD.ZS,Europe & Central Asia                               ,ECS         ,9.28728227205929
Current health expenditure (% of GDP),SH.XPD.CHEX.GD.ZS,Europe & Central Asia (excluding high income)       ,ECA         ,5.11016183178001
Current health expenditure (% of GDP),SH.XPD.CHEX.GD.ZS,Europe & Central Asia (IDA & IBRD countries)        ,TEC         ,5.29605287085256
Current health expenditure (% of GDP),SH.XPD.CHEX.GD.ZS,European Union                                      ,EUU         ,9.939077286466
Current health expenditure (% of GDP),SH.XPD.CHEX.GD.ZS,Fragile and conflict affected situations            ,FCS         ,4.41144423970095
Current health expenditure (% of GDP),SH.XPD.CHEX.GD.ZS,Heavily indebted poor countries (HIPC)              ,HPC         ,5.58340689623599
Current health expenditure (% of GDP),SH.XPD.CHEX.GD.ZS,High income                                         ,HIC         ,12.3912765599718
Current health expenditure (% of GDP),SH.XPD.CHEX.GD.ZS,IBRD only                                           ,IBD         ,5.35683218257702
Current health expenditure (% of GDP),SH.XPD.CHEX.GD.ZS,IDA & IBRD total                                    ,IBT         ,5.2814031528819
Current health expenditure (% of GDP),SH.XPD.CHEX.GD.ZS,IDA blend                                           ,IDB         ,3.73106287837733
Current health expenditure (% of GDP),SH.XPD.CHEX.GD.ZS,IDA only                                            ,IDX         ,4.90841082085435
Current health expenditure (% of GDP),SH.XPD.CHEX.GD.ZS,IDA total                                           ,IDA         ,4.31030949239588
Current health expenditure (% of GDP),SH.XPD.CHEX.GD.ZS,Late-demographic dividend                           ,LTE         ,5.44258523706983
Current health expenditure (% of GDP),SH.XPD.CHEX.GD.ZS,Latin America & Caribbean                           ,LCN         ,7.73727234903012
Current health expenditure (% of GDP),SH.XPD.CHEX.GD.ZS,Latin America & Caribbean (excluding high income)   ,LAC         ,7.72011191598739
Current health expenditure (% of GDP),SH.XPD.CHEX.GD.ZS,Latin America & the Caribbean (IDA & IBRD countries),TLA         ,7.65224051547911
Current health expenditure (% of GDP),SH.XPD.CHEX.GD.ZS,Least developed countries: UN classification        ,LDC         ,4.50129173453603
Current health expenditure (% of GDP),SH.XPD.CHEX.GD.ZS,Low & middle income                                 ,LMY         ,5.24606605982261
Current health expenditure (% of GDP),SH.XPD.CHEX.GD.ZS,Low income                                          ,LIC         ,5.98237514756569
Current health expenditure (% of GDP),SH.XPD.CHEX.GD.ZS,Lower middle income                                 ,LMC         ,4.16663206306197
Current health expenditure (% of GDP),SH.XPD.CHEX.GD.ZS,Middle East & North Africa                          ,MEA         ,5.60068438231121
Current health expenditure (% of GDP),SH.XPD.CHEX.GD.ZS,Middle East & North Africa (excluding high income)  ,MNA         ,6.10288107307551
Current health expenditure (% of GDP),SH.XPD.CHEX.GD.ZS,Middle East & North Africa (IDA & IBRD countries)   ,TMN         ,6.10288107307551
Current health expenditure (% of GDP),SH.XPD.CHEX.GD.ZS,Middle income                                       ,MIC         ,5.2348092403186
Current health expenditure (% of GDP),SH.XPD.CHEX.GD.ZS,North America                                       ,NAC         ,16.3418369670084
Current health expenditure (% of GDP),SH.XPD.CHEX.GD.ZS,Not classified                                      ,INX         ,..
Current health expenditure (% of GDP),SH.XPD.CHEX.GD.ZS,OECD members                                        ,OED         ,12.3827883976563
Current health expenditure (% of GDP),SH.XPD.CHEX.GD.ZS,Other small states                                  ,OSS         ,4.65516435292709
Current health expenditure (% of GDP),SH.XPD.CHEX.GD.ZS,Pacific island small states                         ,PSS         ,5.14926030999912
Current health expenditure (% of GDP),SH.XPD.CHEX.GD.ZS,Post-demographic dividend                           ,PST         ,12.8389458117263
Current health expenditure (% of GDP),SH.XPD.CHEX.GD.ZS,Pre-demographic dividend                            ,PRE         ,4.21385065839427
Current health expenditure (% of GDP),SH.XPD.CHEX.GD.ZS,Small states                                        ,SST         ,4.84886251386268
Current health expenditure (% of GDP),SH.XPD.CHEX.GD.ZS,South Asia                                          ,SAS         ,3.50808794642969
Current health expenditure (% of GDP),SH.XPD.CHEX.GD.ZS,South Asia (IDA & IBRD)                             ,TSA         ,3.50808794642969
Current health expenditure (% of GDP),SH.XPD.CHEX.GD.ZS,Sub-Saharan Africa                                  ,SSF         ,5.1423946617684
Current health expenditure (% of GDP),SH.XPD.CHEX.GD.ZS,Sub-Saharan Africa (excluding high income)          ,SSA         ,5.13887868847827
Current health expenditure (% of GDP),SH.XPD.CHEX.GD.ZS,Sub-Saharan Africa (IDA & IBRD countries)           ,TSS         ,5.1423946617684
Current health expenditure (% of GDP),SH.XPD.CHEX.GD.ZS,Upper middle income                                 ,UMC         ,5.50006984274501
Current health expenditure (% of GDP),SH.XPD.CHEX.GD.ZS,World                                               ,WLD         ,9.82378579176999